species,host_family_count,host_breadth_stratum,resolved_host_species,hosts_with_primary_native_units,hosts_with_contemporary_units,native_resource_units,contemporary_resource_units,introduced_added_units,contemporary_over_native_ratio,log_resource_expansion,introduced_share_of_contemporary,host_taxonomy_lower_bound_adequate,wing_size_proxy,voltinism
Achalarus lyciades,1.0,1_family,10,10,10,50,50,0,1.0,0.0,0.0,True,4.8625,B
Aglais milberti,4.0,3_to_5_families,1,1,1,47,47,0,1.0,0.0,0.0,False,4.92,M
Aglais urticae,4.0,3_to_5_families,4,4,4,87,176,89,2.0229885057471266,0.698812918095622,0.5056818181818182,True,4.8500000000000005,M
Agraulis vanillae,3.0,3_to_5_families,36,36,36,58,172,114,2.9655172413793105,1.0757541505920596,0.6627906976744186,True,6.659065934,M
Aguna asander,1.0,1_family,2,2,2,21,64,43,3.0476190476190474,1.0833448165373207,0.671875,True,4.515476190499999,M
Amblyscirtes vialis,1.0,1_family,2,2,2,153,209,56,1.3660130718954249,0.31015492830383895,0.2679425837320574,True,2.5277777775,B
Anartia jatrophae,7.0,6plus_families,11,11,11,179,249,70,1.3910614525139664,0.3285040669720356,0.28112449799196787,True,5.527857143,M
Ancyloxypha numitor,1.0,1_family,4,4,4,116,256,140,2.206896551724138,0.7869021500974638,0.546875,True,1.949259259333333,M
Anteos clorinde,1.0,1_family,1,1,1,19,58,39,3.0526315789473686,1.0818051703517289,0.6724137931034483,True,5.1803703704999995,M
Anteos maerula,1.0,1_family,2,2,2,33,90,57,2.727272727272727,0.9844989819006882,0.6333333333333333,True,5.3807142856666665,M
Anthanassa frisia,3.0,3_to_5_families,4,4,4,48,48,0,1.0,0.0,0.0,True,2.287777777833333,M
Anthocharis cardamines,2.0,2_families,11,11,11,162,272,110,1.6790123456790123,0.5157215943781974,0.40441176470588236,True,3.775,U
Anthocharis sara,1.0,1_family,26,26,26,178,288,110,1.6179775280898876,0.4790408822716774,0.3819444444444444,True,3.4583333334999997,M
Apatura ilia,1.0,1_family,5,5,5,72,138,66,1.9166666666666667,0.6440144919823005,0.4782608695652174,True,6.75,B
Aphantopus hyperantus,2.0,2_families,5,5,5,176,243,67,1.3806818181818181,0.3210184927193733,0.2757201646090535,True,3.5999999999999996,U
Apodemia mormo,2.0,2_families,17,17,17,14,66,52,4.714285714285714,1.4966424182887557,0.7878787878787878,True,2.5250000000000004,B
Aporia crataegi,4.0,3_to_5_families,10,10,10,118,172,54,1.4576271186440677,0.3741681013862497,0.313953488372093,True,6.1499999999999995,U
Araschnia levana,2.0,2_families,2,2,2,91,170,79,1.8681318681318682,0.6198749794536198,0.4647058823529412,True,3.35,M
Argynnis aglaja,3.0,3_to_5_families,2,2,2,64,65,1,1.015625,0.015267472130788384,0.015384615384615385,False,5.383333333333333,U
Argynnis paphia,3.0,3_to_5_families,8,8,8,141,191,50,1.3546099290780143,0.30166831442652065,0.2617801047120419,True,6.074999999999999,U
Ascia monuste,5.0,3_to_5_families,22,22,22,247,343,96,1.388663967611336,0.32721291120841567,0.27988338192419826,True,3.8097121211666667,M
Asterocampa celtis,1.0,1_family,2,2,2,62,72,10,1.1612903225806452,0.14732471475685838,0.1388888888888889,True,5.262499999999999,M
Atalopedes campestris,1.0,1_family,7,7,7,303,361,58,1.1914191419141915,0.17461651041954873,0.16066481994459833,True,3.3625,M
Battus philenor,1.0,1_family,12,12,12,182,247,65,1.3571428571428572,0.3039425933235611,0.2631578947368421,True,8.73025,M
Battus polydamas,1.0,1_family,8,8,8,66,104,38,1.5757575757575757,0.44926773076655735,0.36538461538461536,True,6.139018939333333,M
Biblis hyperia,2.0,2_families,4,4,4,88,92,4,1.0454545454545454,0.043963123421116634,0.043478260869565216,True,5.9392857145,M
Boloria napaea,2.0,2_families,2,2,2,100,100,0,1.0,0.0,0.0,True,3.7277777776666667,U
Boloria pales,3.0,3_to_5_families,2,2,2,48,49,1,1.0208333333333333,0.020202707317519497,0.02040816326530612,False,3.6,U
Brenthis daphne,2.0,2_families,4,4,4,125,144,19,1.152,0.14045183546909623,0.13194444444444445,True,4.7,U
Brephidium exilis,4.0,3_to_5_families,21,21,21,242,267,25,1.103305785123967,0.09792553717030827,0.09363295880149813,True,1.7000000000000002,M
Callophrys rubi,8.0,6plus_families,9,9,9,159,193,34,1.2138364779874213,0.19268434382950161,0.17616580310880828,True,2.9250000000000003,B
Calpodes ethlius,2.0,2_families,5,5,5,59,168,109,2.847457627118644,1.035554152700973,0.6488095238095238,True,3.2319444445,M
Calycopis cecrops,1.0,1_family,8,8,8,83,195,112,2.3493975903614457,0.8472978603872043,0.5743589743589743,True,2.5125,M
Carcharodus alceae,2.0,2_families,1,1,1,62,153,91,2.467741935483871,0.893817876022097,0.5947712418300654,False,2.733333333333333,M
Carterocephalus palaemon,1.0,1_family,4,4,4,139,153,14,1.1007194244604317,0.09531017980432566,0.0915032679738562,True,2.642592592666667,B
Catopsilia pomona,2.0,2_families,17,17,17,91,180,89,1.978021978021978,0.6767084542167856,0.49444444444444446,True,6.0547619049999994,M
Catopsilia pyranthe,3.0,3_to_5_families,16,16,16,141,228,87,1.6170212765957446,0.4778949459529791,0.3815789473684211,True,5.275,M
Celastrina argiolus,20.0,6plus_families,77,77,77,197,270,73,1.3705583756345177,0.31385179018516585,0.27037037037037037,True,2.6166666666666667,M
Cercyonis oetus,1.0,1_family,1,1,1,153,209,56,1.3660130718954249,0.31015492830383895,0.2679425837320574,True,4.050000000000001,U
Cercyonis pegala,2.0,2_families,4,4,4,173,242,69,1.3988439306358382,0.33400614412601914,0.28512396694214875,True,4.819444444333333,U
Charaxes etesipe,7.0,6plus_families,11,11,11,82,198,116,2.4146341463414633,0.874464216927894,0.5858585858585859,True,6.2277777778333325,M
Charaxes jasius,5.0,3_to_5_families,2,2,2,36,44,8,1.2222222222222223,0.19574457712609528,0.18181818181818182,False,8.120000000000001,M
Charaxes xiphares,5.0,3_to_5_families,5,5,5,42,42,0,1.0,0.0,0.0,True,7.656349206333334,M
Chazara briseis,1.0,1_family,1,1,1,13,13,0,1.0,0.0,0.0,True,5.5,U
Chlosyne lacinia,4.0,3_to_5_families,25,25,25,160,262,102,1.6375,0.4907496671933016,0.3893129770992366,True,4.305,M
Coenonympha arcania,2.0,2_families,2,2,2,43,44,1,1.0232558139534884,0.022472855852058604,0.022727272727272728,True,3.7,U
Coenonympha glycerion,1.0,1_family,6,6,6,175,213,38,1.217142857142857,0.1954920199836998,0.1784037558685446,True,2.9499999999999997,M
Coenonympha oedippus,4.0,3_to_5_families,2,2,2,58,102,44,1.7586206896551724,0.5571915443239162,0.43137254901960786,False,3.8,U
Coenonympha pamphilus,1.0,1_family,7,7,7,184,224,40,1.2173913043478262,0.19574457712609483,0.17857142857142858,True,2.675,M
Coenonympha tullia,3.0,3_to_5_families,6,6,6,161,210,49,1.3043478260869565,0.264261798243683,0.23333333333333334,True,3.0833333333333335,M
Colias alexandra,2.0,2_families,22,22,22,149,232,83,1.5570469798657718,0.44040315946944464,0.3577586206896552,True,4.085,B
Colias christina,1.0,1_family,1,1,1,2,2,0,1.0,0.0,0.0,True,4.029999999999999,B
Colias croceus,2.0,2_families,2,2,2,75,176,101,2.3466666666666667,0.8454163922874978,0.5738636363636364,True,4.55,M
Colias erate,2.0,2_families,11,11,11,122,222,100,1.819672131147541,0.5949874160877018,0.45045045045045046,True,4.944444444499999,M
Colias eurytheme,1.0,1_family,37,37,37,215,319,104,1.4837209302325582,0.3930425881096067,0.32601880877742945,True,5.114285713999999,M
Colias hecla,1.0,1_family,6,6,6,61,61,0,1.0,0.0,0.0,True,3.6075,U
Colias hyale,1.0,1_family,2,2,2,80,168,88,2.1,0.7354495602506343,0.5238095238095238,True,4.300000000000001,M
Colias interior,1.0,1_family,4,4,4,57,62,5,1.087719298245614,0.08269171584511348,0.08064516129032258,True,4.699999999999999,M
Colias nastes,2.0,2_families,7,7,7,79,79,0,1.0,0.0,0.0,True,3.8444444445,U
Colias palaeno,1.0,1_family,2,2,2,88,88,0,1.0,0.0,0.0,True,4.486666666666667,U
Colias pelidne,1.0,1_family,1,1,1,12,12,0,1.0,0.0,0.0,True,3.7699999999999996,B
Colias philodice,1.0,1_family,19,19,19,175,268,93,1.5314285714285714,0.4242273845636877,0.34701492537313433,True,5.3,M
Colobura dirce,4.0,3_to_5_families,4,4,4,34,78,44,2.2941176470588234,0.814099790977608,0.5641025641025641,True,6.3083333335,M
Colotis amata,1.0,1_family,1,1,1,38,39,1,1.0263157894736843,0.025317807984289953,0.02564102564102564,True,3.375,M
Colotis danae,1.0,1_family,4,4,4,50,50,0,1.0,0.0,0.0,True,3.2621785713750002,M
Colotis evagore,1.0,1_family,2,2,2,69,82,13,1.1884057971014492,0.1703453657472389,0.15853658536585366,True,2.6621333333750004,M
Cupido minimus,2.0,2_families,4,4,4,96,139,43,1.4479166666666667,0.36693144410592105,0.30935251798561153,True,2.3,B
Danaus chrysippus,13.0,6plus_families,41,41,41,237,293,56,1.2362869198312236,0.2113090936672064,0.19112627986348124,True,6.509126984000001,M
Danaus eresimus,2.0,2_families,3,3,3,107,128,21,1.1962616822429906,0.17768117723745203,0.1640625,True,5.765555555500001,M
Danaus genutia,3.0,3_to_5_families,15,15,15,34,57,23,1.6764705882352942,0.5050949490570056,0.40350877192982454,True,5.984999999999999,M
Danaus gilippus,1.0,1_family,17,17,17,154,170,16,1.103896103896104,0.0982384395834135,0.09411764705882353,True,7.84375,M
Danaus melanippus,2.0,2_families,2,2,2,7,7,0,1.0,0.0,0.0,True,6.75,M
Danaus plexippus,6.0,6plus_families,40,40,40,181,263,82,1.4530386740331491,0.37194241606952083,0.311787072243346,True,7.866527777833333,M
Delias hyparete,9.0,6plus_families,17,17,17,58,156,98,2.689655172413793,0.978708361442588,0.6282051282051282,True,6.75,M
Dione juno,1.0,1_family,23,23,23,43,127,84,2.953488372093023,1.0678406300013559,0.6614173228346457,True,6.9295833335,M
Doxocopa laure,3.0,3_to_5_families,2,2,2,46,46,0,1.0,0.0,0.0,False,6.645,M
Dryas iulia,1.0,1_family,26,26,26,45,139,94,3.088888888888889,1.1130010261202088,0.6762589928057554,True,7.857321428500001,M
Elymnias hypermnestra,1.0,1_family,17,17,17,94,148,54,1.574468085106383,0.45006941434491843,0.36486486486486486,True,6.3833333334999995,M
Epargyreus clarus,1.0,1_family,24,24,24,200,295,95,1.475,0.38705454626498437,0.3220338983050847,True,4.205075757666667,M
Erebia manto,2.0,2_families,1,1,1,62,83,21,1.3387096774193548,0.2876820724517808,0.25301204819277107,False,4.4,B
Erebia medusa,1.0,1_family,2,2,2,109,219,110,2.0091743119266057,0.6931471805599445,0.502283105022831,True,3.758333333333333,B
Erebia rossii,2.0,2_families,1,1,1,27,27,0,1.0,0.0,0.0,False,4.454166666666667,B
Erynnis baptisiae,1.0,1_family,9,9,9,111,137,26,1.2342342342342343,0.20875481386211092,0.1897810218978102,True,2.919742063333333,M
Erynnis brizo,1.0,1_family,5,5,5,38,38,0,1.0,0.0,0.0,True,3.4916666669999996,U
Erynnis horatius,1.0,1_family,13,13,13,44,69,25,1.5681818181818181,0.44183275227903973,0.36231884057971014,True,3.767261905,M
Erynnis icelus,3.0,3_to_5_families,4,4,4,74,151,77,2.0405405405405403,0.7063924073099663,0.5099337748344371,True,2.872222222,M
Erynnis juvenalis,2.0,2_families,11,11,11,46,72,26,1.565217391304348,0.4403118394383325,0.3611111111111111,True,3.7410714284999997,M
Erynnis martialis,2.0,2_families,3,3,3,49,49,0,1.0,0.0,0.0,True,3.0583333335000003,B
Erynnis persius,2.0,2_families,10,10,10,66,76,10,1.1515151515151516,0.1391128024627184,0.13157894736842105,True,3.0625,M
Erynnis tages,2.0,2_families,2,2,2,72,126,54,1.75,0.5537276453102002,0.42857142857142855,True,2.483333333333333,M
Erynnis tristis,1.0,1_family,5,5,5,12,14,2,1.1666666666666667,0.14310084364067333,0.14285714285714285,True,3.9,M
Euchloe creusa,1.0,1_family,2,2,2,113,123,10,1.0884955752212389,0.0840831172105414,0.08130081300813008,True,3.2041666665,B
Euchrysops cnejus,5.0,3_to_5_families,18,18,18,181,244,63,1.3480662983425415,0.29725152346793227,0.2581967213114754,True,2.6604166667499998,M
Eueides isabella,1.0,1_family,18,18,18,37,112,75,3.027027027027027,1.0898016589859552,0.6696428571428571,True,7.46625,M
Eunica monima,2.0,2_families,3,3,3,39,39,0,1.0,0.0,0.0,True,4.875,M
Euphydryas aurinia,10.0,6plus_families,1,1,1,43,48,5,1.1162790697674418,0.10763066419236544,0.10416666666666667,False,3.4124999999999996,U
Euphydryas editha,2.0,2_families,30,30,30,131,245,114,1.8702290076335877,0.6225296133459919,0.46530612244897956,True,3.55,U
Euphyes vestris,2.0,2_families,5,5,5,177,197,20,1.112994350282486,0.10648348040245015,0.10152284263959391,True,3.0,M
Euploea core,7.0,6plus_families,33,33,33,197,274,77,1.3908629441624365,0.3285040669720365,0.28102189781021897,True,7.79166666675,M
Euptoieta claudia,8.0,6plus_families,28,28,28,263,348,85,1.3231939163498099,0.279122819056111,0.2442528735632184,True,5.614285714,M
Eurema arbela,1.0,1_family,1,1,1,28,106,78,3.7857142857142856,1.3055330044754316,0.7358490566037735,True,2.73791666675,M
Eurema hecabe,18.0,6plus_families,72,72,72,248,332,84,1.3387096774193548,0.29068959351573653,0.25301204819277107,True,3.0545555555,M
Eurema mexicana,1.0,1_family,2,2,2,33,51,18,1.5454545454545454,0.42488319396526597,0.35294117647058826,True,4.12,M
Glaucopsyche lygdamus,1.0,1_family,24,24,24,175,234,59,1.3371428571428572,0.28910151910600757,0.25213675213675213,True,2.67,B
Gonepteryx rhamni,2.0,2_families,4,4,4,70,119,49,1.7,0.5248118657407304,0.4117647058823529,True,5.616666666666667,B
Graphium doson,5.0,3_to_5_families,14,14,14,40,70,30,1.75,0.5491078103370075,0.42857142857142855,True,6.7875,M
Graphium sarpedon,9.0,6plus_families,28,28,28,72,98,26,1.3611111111111112,0.30466040898619884,0.2653061224489796,True,6.6125,M
Hamadryas februa,1.0,1_family,5,5,5,56,56,0,1.0,0.0,0.0,True,7.416666666499999,M
Harma theobene,3.0,3_to_5_families,2,2,2,14,14,0,1.0,0.0,0.0,False,6.0,B
Hesperia comma,2.0,2_families,5,5,5,171,196,25,1.1461988304093567,0.13570925192453576,0.12755102040816327,True,2.9357142856666667,B
Hesperia dacotae,1.0,1_family,3,3,3,169,216,47,1.2781065088757397,0.24409891649019766,0.2175925925925926,True,2.925,U
Hesperia juba,1.0,1_family,2,2,2,159,209,50,1.3144654088050314,0.27193371548364187,0.23923444976076555,True,2.5166666666666666,B
Hesperia sassacus,1.0,1_family,4,4,4,138,206,68,1.4927536231884058,0.3982448601346773,0.3300970873786408,True,3.09,U
Hipparchia fagi,1.0,1_family,3,3,3,50,159,109,3.18,1.1433481825095009,0.6855345911949685,True,6.5,U
Hipparchia semele,1.0,1_family,13,13,13,175,233,58,1.3314285714285714,0.28483712031955033,0.24892703862660945,True,5.075000000249999,U
Historis acheronta,2.0,2_families,2,2,2,20,103,83,5.15,1.5998684614179495,0.8058252427184466,True,8.05,M
Historis odius,1.0,1_family,3,3,3,42,45,3,1.0714285714285714,0.06744128079553269,0.06666666666666667,True,10.639270835000001,M
Hylephila phyleus,1.0,1_family,11,11,11,305,361,56,1.1836065573770491,0.1680591098733899,0.15512465373961218,True,6.685795454499999,M
Hyponephele lupinus,1.0,1_family,1,1,1,8,8,0,1.0,0.0,0.0,True,4.5,U
Iphiclides podalirius,3.0,3_to_5_families,8,8,8,79,180,101,2.278481012658228,0.8164703965919449,0.5611111111111111,True,7.35,M
Issoria lathonia,4.0,3_to_5_families,6,6,6,65,223,158,3.4307692307692306,1.2219913098286144,0.7085201793721974,True,4.366666666666666,M
Junonia almana,12.0,6plus_families,21,21,21,247,345,98,1.3967611336032388,0.33301002889274134,0.28405797101449276,True,3.6700000000000004,M
Junonia coenia,6.0,6plus_families,39,39,39,295,340,45,1.152542372881356,0.14152302295945685,0.1323529411764706,True,5.02,M
Junonia evarete,10.0,6plus_families,26,26,26,267,334,67,1.250936329588015,0.2231435513142097,0.20059880239520958,True,4.9886904765,M
Junonia genoveva,5.0,3_to_5_families,8,8,8,178,214,36,1.202247191011236,0.18325222228690752,0.16822429906542055,True,5.11375,M
Junonia lemonias,6.0,6plus_families,14,14,14,197,242,45,1.2284263959390862,0.20479441264601306,0.1859504132231405,True,4.875,M
Junonia orithya,10.0,6plus_families,20,20,20,226,299,73,1.323008849557522,0.278832457174798,0.24414715719063546,True,3.9222222221666665,M
Kricogonia lyside,1.0,1_family,2,2,2,24,29,5,1.2083333333333333,0.1823215567939549,0.1724137931034483,True,2.893541666625,M
Lampides boeticus,6.0,6plus_families,38,38,38,243,333,90,1.3703703703703705,0.3139727676834978,0.2702702702702703,True,2.780436507857143,M
Lasiommata maera,2.0,2_families,6,6,6,99,213,114,2.1515151515151514,0.7608058290337594,0.5352112676056338,True,4.575,M
Lasiommata megera,1.0,1_family,2,2,2,84,210,126,2.5,0.90920687698575,0.6,True,4.25,M
Lasiommata petropolitana,1.0,1_family,3,3,3,166,226,60,1.3614457831325302,0.3069562050646475,0.26548672566371684,True,3.7249999999999996,B
Leptidea sinapis,1.0,1_family,4,4,4,101,145,44,1.4356435643564356,0.35863380842406567,0.30344827586206896,True,3.725,M
Leptosia nina,4.0,3_to_5_families,10,10,10,153,207,54,1.3529411764705883,0.30058547728768836,0.2608695652173913,True,3.45,M
Leptotes cassius,2.0,2_families,10,10,10,152,239,87,1.5723684210526316,0.4502010019495559,0.36401673640167365,True,2.253829365,M
Leptotes marina,2.0,2_families,12,12,12,101,266,165,2.633663366336634,0.962275845115979,0.6203007518796992,True,2.3125,M
Leptotes pirithous,11.0,6plus_families,8,8,8,109,255,146,2.3394495412844036,0.8446970786871457,0.5725490196078431,False,2.352857142857143,M
Lerema accius,1.0,1_family,6,6,6,184,305,121,1.6576086956521738,0.5032292768740554,0.39672131147540984,True,3.5466666665,M
Lerodea eufala,1.0,1_family,12,12,12,233,343,110,1.4721030042918455,0.38532054201569643,0.3206997084548105,True,2.6401785715,M
Libythea celtis,2.0,2_families,3,3,3,46,55,9,1.1956521739130435,0.17520408902509121,0.16363636363636364,True,4.466666666666666,U
Limenitis camilla,1.0,1_family,3,3,3,27,96,69,3.5555555555555554,1.242506468328179,0.71875,True,5.6,M
Lopinga achine,2.0,2_families,4,4,4,165,238,73,1.4424242424242424,0.36447576357496736,0.3067226890756303,True,4.3500000000000005,U
Lycaena dispar,1.0,1_family,1,1,1,15,15,0,1.0,0.0,0.0,True,3.6999999999999997,M
Lycaena helle,1.0,1_family,1,1,1,95,95,0,1.0,0.0,0.0,True,2.4000000000000004,B
Lycaena phlaeas,4.0,3_to_5_families,5,5,5,140,224,84,1.6,0.4673405118262517,0.375,True,2.8819444444999998,M
Maniola jurtina,1.0,1_family,4,4,4,162,217,55,1.3395061728395061,0.2907448619823265,0.2534562211981567,True,4.075,U
Marpesia chiron,1.0,1_family,9,9,9,76,194,118,2.5526315789473686,0.9291941367100627,0.6082474226804123,True,5.987142857,M
Mechanitis lysimnia,1.0,1_family,12,12,12,25,214,189,8.56,2.1125414901061803,0.883177570093458,True,6.0666666665,M
Melanargia galathea,1.0,1_family,9,9,9,165,235,70,1.4242424242424243,0.35184401666906684,0.2978723404255319,True,4.75,U
Melanitis leda,4.0,3_to_5_families,28,28,28,275,357,82,1.298181818181818,0.26013212068355074,0.22969187675070027,True,6.442916666666666,M
Melitaea aetherie,1.0,1_family,1,1,1,21,21,0,1.0,0.0,0.0,True,4.4,B
Melitaea phoebe,3.0,3_to_5_families,1,1,1,15,15,0,1.0,0.0,0.0,False,4.45,B
Mestra dorcas,1.0,1_family,1,1,1,55,55,0,1.0,0.0,0.0,True,3.18214285725,M
Minois dryas,2.0,2_families,2,2,2,55,212,157,3.8545454545454545,1.3359404749742758,0.7405660377358491,True,5.85,B
Mycalesis perseus,2.0,2_families,4,4,4,185,233,48,1.2594594594594595,0.22957444164450003,0.20600858369098712,True,3.85625,M
Nacaduba biocellata,1.0,1_family,1,1,1,50,131,81,2.62,0.9509762898620449,0.6183206106870229,True,1.7,M
Nathalis iole,2.0,2_families,8,8,8,181,287,106,1.5856353591160222,0.45895379305915096,0.3693379790940767,True,1.7999999999999998,M
Neptis sappho,6.0,6plus_families,6,6,6,78,217,139,2.782051282051282,1.0150472103220674,0.6405529953917051,True,5.033333333333334,M
Nymphalis antiopa,6.0,6plus_families,36,36,36,174,231,57,1.3275862068965518,0.28195139774279543,0.24675324675324675,True,6.395765306142858,M
Nymphalis polychloros,3.0,3_to_5_families,9,9,9,78,180,102,2.3076923076923075,0.8290491787988046,0.5666666666666667,True,6.2,U
Nymphalis xanthomelas,8.0,6plus_families,5,5,5,50,76,26,1.52,0.4119797891293584,0.34210526315789475,False,6.3,U
Oarisma garita,1.0,1_family,4,4,4,155,209,54,1.3483870967741935,0.2972515234679314,0.2583732057416268,True,2.3785714285,U
Oeneis bore,2.0,2_families,4,4,4,100,113,13,1.13,0.12107793155323598,0.11504424778761062,True,4.175000000000001,U
Oeneis jutta,3.0,3_to_5_families,6,6,6,161,174,13,1.0807453416149069,0.07718963869113082,0.07471264367816093,True,5.058333333333334,B
Oeneis melissa,2.0,2_families,1,1,1,44,44,0,1.0,0.0,0.0,False,4.5375,B
Oeneis norna,2.0,2_families,2,2,2,74,175,101,2.364864864864865,0.8529958815018412,0.5771428571428572,True,4.45,U
Oeneis polixenes,2.0,2_families,1,1,1,37,37,0,1.0,0.0,0.0,False,4.273333333333333,B
Panoquina ocola,1.0,1_family,4,4,4,131,221,90,1.6870229007633588,0.5198754592859087,0.4072398190045249,True,2.3272222222,M
Papilio demoleus,8.0,6plus_families,29,29,29,110,193,83,1.7545454545454546,0.5583279577509943,0.43005181347150256,True,6.873611111,M
Papilio machaon,10.0,6plus_families,54,54,54,191,282,91,1.4764397905759161,0.3879515256154562,0.32269503546099293,True,7.3999999999999995,M
Papilio memnon,3.0,3_to_5_families,11,11,11,48,104,56,2.1666666666666665,0.7621400520468966,0.5384615384615384,True,12.333333334999999,M
Papilio polytes,2.0,2_families,23,23,23,66,141,75,2.1363636363636362,0.7511344382102951,0.5319148936170213,True,7.983333333333333,M
Papilio polyxenes,2.0,2_families,41,41,41,204,272,68,1.3333333333333333,0.2864618160465513,0.25,True,5.349285714285714,M
Papilio zelicaon,2.0,2_families,43,43,43,174,257,83,1.4770114942528736,0.3881736109981029,0.3229571984435798,True,7.26,M
Pararge aegeria,1.0,1_family,9,9,9,241,355,114,1.4730290456431536,0.3859930046953437,0.3211267605633803,True,3.9333333333333336,M
Parnassius mnemosyne,1.0,1_family,2,2,2,36,41,5,1.1388888888888888,0.12675170563914406,0.12195121951219512,True,5.816666666666667,U
Parnassius phoebus,2.0,2_families,7,7,7,77,77,0,1.0,0.0,0.0,True,6.233333333333333,U
Pelopidas agna,1.0,1_family,3,3,3,70,199,129,2.842857142857143,1.0356374895067209,0.6482412060301508,True,3.175,M
Pelopidas mathias,3.0,3_to_5_families,14,14,14,191,306,115,1.6020942408376964,0.46935237555941534,0.3758169934640523,True,2.791741666625,M
Perichares philetes,2.0,2_families,8,8,8,97,298,201,3.0721649484536084,1.1154760947201137,0.674496644295302,True,2.9416666666666664,M
Phalanta phalantha,12.0,6plus_families,23,23,23,213,293,80,1.375586854460094,0.31760375231683025,0.27303754266211605,True,4.591269841166667,M
Phocides pigmalion,1.0,1_family,1,1,1,55,57,2,1.0363636363636364,0.03509131981126945,0.03508771929824561,True,3.72,M
Phoebis agarithe,1.0,1_family,3,3,3,21,97,76,4.619047619047619,1.4939250253122562,0.7835051546391752,True,4.156666666666667,M
Phoebis neocypris,1.0,1_family,3,3,3,9,13,4,1.4444444444444444,0.33647223662121295,0.3076923076923077,True,5.2525,M
Phoebis philea,1.0,1_family,8,8,8,83,208,125,2.5060240963855422,0.9115174531214976,0.6009615384615384,True,5.230580808166667,M
Phoebis sennae,1.0,1_family,17,17,17,104,226,122,2.173076923076923,0.7709896673238799,0.5398230088495575,True,3.9520580808571424,M
Pholisora catullus,3.0,3_to_5_families,8,8,8,166,329,163,1.9819277108433735,0.6810988420437702,0.49544072948328266,True,2.248472222333333,M
Phyciodes tharos,1.0,1_family,12,12,12,68,119,51,1.75,0.5533852381847861,0.42857142857142855,True,2.575416666666667,M
Pieris brassicae,6.0,6plus_families,28,28,28,124,342,218,2.7580645161290325,1.0094167098636389,0.6374269005847953,True,5.483333333333333,M
Pieris napi,3.0,3_to_5_families,32,32,32,212,312,100,1.471698113207547,0.3849110248307275,0.32051282051282054,True,4.330555555499999,M
Pieris rapae,8.0,6plus_families,53,53,53,272,350,78,1.286764705882353,0.25131442828090567,0.22285714285714286,True,4.082559523857142,M
Polites mystic,1.0,1_family,3,3,3,133,266,133,2.0,0.6894088584493385,0.5,True,2.9714285714999997,B
Polites origenes,1.0,1_family,2,2,2,57,60,3,1.0526315789473684,0.05043085362689226,0.05,True,3.1399999999999997,B
Polites themistocles,1.0,1_family,4,4,4,174,223,49,1.2816091954022988,0.2468600779315251,0.21973094170403587,True,2.1887499999999998,M
Polites vibex,1.0,1_family,2,2,2,197,288,91,1.4619289340101522,0.37815965741789714,0.3159722222222222,True,2.8791666665,M
Polygonia c-album,10.0,6plus_families,15,15,15,156,210,54,1.3461538461538463,0.29561232812775895,0.2571428571428571,True,4.6444444444999995,M
Polygonia comma,3.0,3_to_5_families,6,6,6,141,163,22,1.1560283687943262,0.1440393702229379,0.13496932515337423,True,5.175,B
Polygonia gracilis,3.0,3_to_5_families,4,4,4,125,143,18,1.144,0.13353139262452274,0.1258741258741259,True,4.5875,U
Polygonia progne,4.0,3_to_5_families,9,9,9,102,125,23,1.2254901960784315,0.2015529187218421,0.184,True,5.2075,B
Polygonia satyrus,2.0,2_families,2,2,2,88,113,25,1.2840909090909092,0.24756207866235602,0.22123893805309736,True,5.0375,M
Polyommatus eros,2.0,2_families,1,1,1,38,38,0,1.0,0.0,0.0,False,2.95,M
Polyommatus icarus,2.0,2_families,6,6,6,128,207,79,1.6171875,0.47772567533964594,0.38164251207729466,True,3.058333333333333,M
Pontia occidentalis,1.0,1_family,24,24,24,187,260,73,1.3903743315508021,0.3280784444927445,0.28076923076923077,True,4.14,M
Pontia protodice,5.0,3_to_5_families,27,27,27,201,302,101,1.5024875621890548,0.4054651081081637,0.3344370860927152,True,4.514285714,M
Proteides mercurius,1.0,1_family,4,4,4,76,89,13,1.1710526315789473,0.1560042484765809,0.14606741573033707,True,3.8258333333333336,M
Pseudozizeeria maha,3.0,3_to_5_families,1,1,1,16,275,259,17.1875,2.7871875216609334,0.9418181818181818,False,2.45,M
Pyrgus andromedae,2.0,2_families,1,1,1,21,21,0,1.0,0.0,0.0,False,2.5916666666666663,U
Pyrgus centaureae,2.0,2_families,2,2,2,72,72,0,1.0,0.0,0.0,True,2.765833333333333,U
Pyrgus communis,2.0,2_families,26,26,26,218,315,97,1.444954128440367,0.36667048377041134,0.30793650793650795,True,2.771818182,M
Pyrgus malvae,3.0,3_to_5_families,7,7,7,155,191,36,1.232258064516129,0.2076393647782444,0.18848167539267016,True,1.9166666666666667,B
Pyrgus oileus,2.0,2_families,6,6,6,123,260,137,2.113821138211382,0.7442388417176566,0.5269230769230769,True,2.73328125,M
Satyrium pruni,3.0,3_to_5_families,1,1,1,2,70,68,35.0,3.164067588373206,0.9714285714285714,False,3.0500000000000003,U
Satyrium w-album,7.0,6plus_families,3,3,3,19,24,5,1.263157894736842,0.2231435513142097,0.20833333333333334,False,3.0,U
Scolitantides orion,1.0,1_family,4,4,4,54,101,47,1.8703703703703705,0.6176396280517995,0.46534653465346537,True,2.575,M
Siproeta epaphus,2.0,2_families,1,1,1,33,47,14,1.4242424242424243,0.34484048629172914,0.2978723404255319,False,7.415166666499999,M
Siproeta stelenes,4.0,3_to_5_families,9,9,9,143,269,126,1.881118881118881,0.6286086594223743,0.4684014869888476,True,8.341111111,M
Smyrna blomfildia,1.0,1_family,4,4,4,113,184,71,1.6283185840707965,0.48415737668382963,0.3858695652173913,True,7.369999999999999,M
Strymon melinus,7.0,6plus_families,69,69,69,256,344,88,1.34375,0.2944683321361401,0.2558139534883721,True,2.85,M
Thecla betulae,4.0,3_to_5_families,6,6,6,71,161,90,2.267605633802817,0.8109302162163283,0.5590062111801242,True,3.35,U
Thorybes bathyllus,2.0,2_families,12,12,12,149,205,56,1.3758389261744965,0.31724087469332574,0.2731707317073171,True,3.6500000000000004,M
Thorybes pylades,2.0,2_families,18,18,18,154,241,87,1.5649350649350648,0.44551260923743996,0.36099585062240663,True,3.0312037036666664,M
Thymelicus lineola,4.0,3_to_5_families,7,7,7,169,234,65,1.3846153846153846,0.32378707709389687,0.2777777777777778,True,2.4944444444999996,U
Thymelicus sylvestris,2.0,2_families,5,5,5,100,219,119,2.19,0.7785070295111014,0.54337899543379,True,2.65,U
Troides aeacus,1.0,1_family,12,12,12,44,87,43,1.9772727272727273,0.6706743247078872,0.4942528735632184,True,13.2,M
Urbanus dorantes,3.0,3_to_5_families,2,2,2,47,157,110,3.3404255319148937,1.1913940221190762,0.7006369426751592,False,3.5634615385000004,M
Urbanus proteus,3.0,3_to_5_families,26,26,26,210,301,91,1.4333333333333333,0.35856888389880304,0.3023255813953488,True,2.9567171718333327,M
Vanessa atalanta,4.0,3_to_5_families,11,11,11,205,253,48,1.2341463414634146,0.20945809822895534,0.18972332015810275,True,5.591666666666668,M
Vanessa cardui,24.0,6plus_families,104,104,104,282,360,78,1.2765957446808511,0.24343106068964282,0.21666666666666667,True,4.522240918875,M
Vanessa virginiensis,9.0,6plus_families,21,20,21,255,279,24,1.0941176470588236,0.08961215868968697,0.08602150537634409,True,4.505833333428571,M
Wallengrenia egeremet,1.0,1_family,1,1,1,37,38,1,1.027027027027027,0.02597548640326064,0.02631578947368421,True,3.02,B
Wallengrenia otho,1.0,1_family,4,4,4,130,298,168,2.292307692307692,0.8252462501895348,0.5637583892617449,True,5.591666666666666,M
Ypthima asterope,1.0,1_family,1,1,1,153,286,133,1.869281045751634,0.6225296133459919,0.46503496503496505,True,3.1624999999999996,M
Ypthima baldus,1.0,1_family,9,9,9,226,301,75,1.331858407079646,0.28547699989346675,0.24916943521594684,True,3.6416666665,M
Ypthima huebneri,1.0,1_family,2,2,2,25,222,197,8.88,2.1490752334386367,0.8873873873873874,True,3.25,M
Zerene cesonia,1.0,1_family,7,7,7,57,182,125,3.192982456140351,1.1490431422950023,0.6868131868131868,True,3.705787037,M
Zerynthia polyxena,1.0,1_family,4,4,4,36,47,11,1.3055555555555556,0.26028309826366636,0.23404255319148937,True,4.9,U
Zerynthia rumina,1.0,1_family,3,3,3,13,13,0,1.0,0.0,0.0,True,4.5,M
Zizina otis,4.0,3_to_5_families,15,15,15,233,302,69,1.296137339055794,0.2584116901516671,0.22847682119205298,True,1.8736309524285715,M
Zizula hylax,9.0,6plus_families,6,6,6,63,288,225,4.571428571428571,1.5075436047527608,0.78125,False,2.0966666666,M
