species,host_family_count,resource_units,original_score_recomputed,same_level1_score,same_level1_eval_units,same_level1_never_units,distance_matched_score_250km,distance_matched_pairs_250km,median_distance_difference_250km,distance_matched_score_500km,distance_matched_pairs_500km,median_distance_difference_500km,distance_matched_score_1000km,distance_matched_pairs_1000km,median_distance_difference_1000km
Anartia jatrophae,7.0,249,0.8037190082644629,0.9078624078624079,22,37,0.9,20,15.204744332294695,0.9,20,15.204744332294695,0.9090909090909091,22,16.17470471290096
Aphantopus hyperantus,2.0,243,0.949317738791423,0.9111111111111111,9,15,0.6666666666666666,6,57.82321353287176,0.7142857142857143,7,78.53958940835776,0.7142857142857143,7,78.53958940835776
Atalopedes campestris,1.0,361,0.7762096774193549,0.8432692307692308,20,52,0.7142857142857143,14,20.074717623887253,0.7333333333333333,15,20.386529056895625,0.8,20,30.374247613544696
Biblis hyperia,2.0,92,0.5346153846153846,0.44970414201183434,13,13,0.3,10,47.427893527296945,0.4166666666666667,12,53.044296624702,0.46153846153846156,13,54.995455673161814
Brephidium exilis,4.0,267,0.8147286821705426,0.8822784810126583,10,79,0.9,10,11.98739180708219,0.9,10,11.98739180708219,0.9,10,11.98739180708219
Callophrys rubi,8.0,193,0.7658132530120482,0.9114583333333334,16,12,1.0,2,16.4308051309996,1.0,2,16.4308051309996,0.75,4,319.4936592167999
Coenonympha tullia,3.0,210,0.9024691358024691,0.8564814814814815,20,54,0.75,20,46.38025605192465,0.75,20,46.38025605192465,0.75,20,46.38025605192465
Colias eurytheme,1.0,319,0.8664731494920174,0.8461538461538461,26,6,0.7142857142857143,7,6.31966008901577,0.75,8,11.248366070096608,0.8333333333333334,12,106.21252267136549
Danaus genutia,3.0,57,0.7142857142857143,0.7636363636363637,11,5,1.0,3,25.55923529925292,1.0,4,70.69973180128187,1.0,4,70.69973180128187
Delias hyparete,9.0,156,0.446,0.6875,10,8,0.6666666666666666,6,20.17044314134145,0.7142857142857143,7,21.822680984821716,0.625,8,25.99794712514378
Dryas iulia,1.0,139,0.7302631578947368,0.6842105263157895,19,18,0.5555555555555556,9,73.25177830356392,0.5454545454545454,11,80.54634437103368,0.5,12,91.3553413233476
Erynnis juvenalis,2.0,72,0.7816091954022989,0.8240740740740741,18,6,0.8333333333333334,6,18.2606039898877,0.8333333333333334,6,18.2606039898877,0.8333333333333334,6,18.2606039898877
Erynnis tages,2.0,126,0.8822222222222222,0.8636363636363636,10,11,0.6666666666666666,3,11.46954186914752,0.75,4,12.04870768663747,0.75,4,12.04870768663747
Euploea core,7.0,274,0.8210382513661202,0.8981481481481481,12,18,0.8888888888888888,9,16.71842458872402,0.9090909090909091,11,17.378490685660836,0.9166666666666666,12,37.264600305825525
Junonia evarete,10.0,334,0.7990384615384616,0.8458333333333333,16,60,0.6875,16,16.71481474058595,0.6875,16,16.71481474058595,0.6875,16,16.71481474058595
Melanitis leda,4.0,357,0.7692307692307693,0.8321678321678322,13,11,0.6666666666666666,6,69.55903975069941,0.6666666666666666,6,69.55903975069941,0.7142857142857143,7,77.61231351731772
Neptis sappho,6.0,217,0.5060918462980318,0.6430976430976431,11,27,0.6363636363636364,11,11.410223055159463,0.6363636363636364,11,11.410223055159463,0.6363636363636364,11,11.410223055159463
Papilio memnon,3.0,104,0.8115384615384615,0.9538461538461539,13,5,0.5,2,66.15325418822141,0.6666666666666666,3,82.53036928294352,0.6666666666666666,3,82.53036928294352
Papilio polytes,2.0,141,0.5263888888888889,0.5625,12,4,0.5,4,37.23410225999419,0.6,5,39.51224468185114,0.6666666666666666,6,67.56514045042184
Phyciodes tharos,1.0,119,0.8151785714285714,0.7976190476190477,28,6,0.8333333333333334,6,55.88203359814224,0.8333333333333334,6,55.88203359814224,0.75,8,79.5492488337818
Pieris brassicae,6.0,342,0.8851851851851852,0.958994708994709,12,63,1.0,5,8.789482689103579,1.0,7,72.31847014465473,1.0,10,239.4159988765261
Pyrgus communis,2.0,315,0.7146853146853147,0.771978021978022,26,42,0.7142857142857143,14,10.074608791834862,0.6666666666666666,15,12.81430238656111,0.6842105263157895,19,17.582223634495307
Siproeta stelenes,4.0,269,0.8713450292397661,0.9472693032015066,18,59,0.8823529411764706,17,16.999713156958023,0.8823529411764706,17,16.999713156958023,0.8333333333333334,18,17.5634613263025
Strymon melinus,7.0,344,0.814028314028314,0.8782051282051282,28,39,0.8823529411764706,17,20.479220868618654,0.8888888888888888,18,20.61854267435436,0.9047619047619048,21,27.238506180507272
