datasetKey,recordCount
00bb420d-c3d6-4ea6-ae30-d80a9992f206,5
0108bdc9-3d7f-459a-a92e-a40c3ed07c93,2
017f23ba-bf04-4eb7-a076-04ab2e5de250,6
040c5662-da76-4782-a48e-cdea1892d14c,313
0645ccdb-e001-4ab0-9729-51f1755e007e,13
064a2411-342e-4885-9093-2a7c660c4840,1
080ffaf0-8daf-48bb-b063-3d729c80cb70,15
0a0b594e-0c5e-4766-a5d7-66043160de5f,314
0ceb2c40-4134-482f-9d19-15560e3f1a97,1
0e631111-7b03-4894-8170-e3caeafe4bba,1
0e7ec47d-6247-4fdd-bfb7-96281e0b5ebe,3
0ed1428a-347a-4f4c-a8fd-bbf632cd6fa5,1
10ba0c74-9c2f-4baa-a753-6fd92e039059,15
12ba0ca7-258c-49f7-8946-3f739294e8b9,2
1560c0d7-8a87-4724-a3f9-6322e08ee8e2,21
1560f099-f48d-43ac-8d88-ce329a53aa7e,1
172f1923-eff1-4d81-8bd3-6023b2224bcb,1
181254ac-960c-4e97-b152-af61a568473b,1
181eab51-9399-4baa-a0df-8de01a3acf19,192
18d99191-3386-4787-ab1d-95a2e5126558,1
194c7c2b-9bce-4694-9577-5474451beb71,2
1af83152-24f7-4df7-afbc-b213b62175bb,2
1b26c417-366a-4eb0-a212-6ee8035d83fb,1
1da5bc24-67c3-4fd7-a584-6111cd8472c1,2
1e09d985-8f58-4a34-ab86-17e55f203c8a,298
1e266c3d-92ef-4d5a-8e4a-c04742c772c3,1278
1f968e89-ca96-4065-91a5-4858e736b5aa,6
1fec2829-4ac0-4329-b448-6f768b8d3427,37
20524cf7-66f8-49d2-a274-102e1090e502,22
20a8268e-28bd-4514-bede-8f4e5d53990b,11
20cbff9a-7937-4c70-89a0-03c29a4454bd,39
20fa3e49-f75c-4aad-adcd-6b3882caf6db,4
21dc299e-b414-4e16-b8ee-258d68dac961,2
224d9990-f027-4c6d-99bc-b7c5a55f6bb6,4
2253be9d-7fa1-4681-b6d6-63d66f90f95e,1
22615daa-7f09-4a71-8cdf-d168170e67dd,12
2282809d-f37b-4568-9164-72ca2d17227b,116
231c4696-5b2b-4702-b495-2beb86e082e4,3
24a02aae-d6b8-40c8-8f90-64eb3e780f2b,28
256b9877-cef3-4e8e-84e1-f23299c49655,19
25d4f82b-b2bc-4197-bc11-27c8e9a25439,1
26c69501-d4d9-4ef2-a315-ca81147a7147,5
2706d872-7517-4def-8fca-86bfd5db9e2d,3
27a836ef-08eb-4006-90a4-9accaf174995,167
299b043b-4564-46f3-89ae-67b50bc7718d,39
2a84b1c7-1f64-47e8-b00a-0d6b712914b6,8
2bf7b2c0-34dc-4458-8ee4-4f99fac03b33,2
2c918110-5ef2-4d22-99aa-9ed56b20fcb9,1
2ce1d8a6-8219-4653-870a-4ea181d4989f,3
2d8d3cd4-da79-419b-9428-4820d44d30fd,3
2e119cb1-bcff-4077-af75-c6b5117ecf7a,21
2e4cc37b-302e-4f1b-bbbb-1f674ff90e14,2
2e6298fb-d9d7-4915-b69d-890b5aaf91df,241
2fa79c4d-749f-4ebc-92b2-7442a7b87d5a,3
313feb90-f9d6-42c8-9c69-d6085409bd4b,1
317d5f62-e7b9-4945-989a-eef779d4690a,1
31dc1ba4-2c52-4fad-a425-f4e0cf00951c,1
323b0e80-5e4b-4cc4-936a-d93fc8cae9bc,33
328ca73a-4809-41b8-ba24-0fae5d87926c,1
37beb6ea-e591-41e3-b781-e384250dc42c,1
37f555b2-e144-411a-b6a2-921141f76e90,14
38af1774-d162-49d1-8c17-ea50e952b1bf,5
38b4c89f-584c-41bb-bd8f-cd1def33e92f,495
39905320-6c8a-11de-8226-b8a03c50a862,1
39ca86b0-1d23-46fb-8b9c-b5faf9895fc2,1
3a3aae4c-5895-4ba5-b3ba-d5f7d924478d,1
3b301884-51b9-443f-b63c-47feeccfb89f,5
3c124529-25e1-48da-8acd-d48bdefcf6f9,14
3e545dcd-1cd1-4aea-bfe3-eed23e83774e,1
3e9817c1-8302-4955-87e3-a408db0ea379,21
3ee49939-9282-4767-85f2-6726d415d4bb,3
40c0f670-ee87-4576-be9d-2725e0b47035,2
4221e16f-bcef-4eb5-bfe8-4fb153e2ae16,1
43e54c60-d6e0-41df-80a3-ca9487a3342a,6
44fb5823-c1f5-4ac7-8e06-795a09a138f2,23
453d270b-fc27-4740-8e01-95f4067b3ac4,2
467aa349-720b-44d0-93b6-0d3b2d7058f2,9
4718437d-76c6-432b-9883-4b9a253ac53f,5
48266cb4-8129-4ef9-b768-945577350db2,59
48d9a436-a949-448d-acbc-71efa85b0ea2,2
49053905-a94b-485c-857d-97bce1d0c80b,1
4a9722b7-779e-4908-8e73-559fedab7fe2,71
4bfac3ea-8763-4f4b-a71a-76a6f5f243d3,20
4c313e80-c48b-4fc8-bd19-d8226b0a6921,18
4c3b15bd-c98f-448c-9556-810fd82e8e30,3
4cb7bf6d-fb33-440c-a686-2606ef12ec07,1
4cebd7a3-3782-47fb-9bc3-71968697ecfa,129
4d236e9c-fa04-4a94-9356-382c9f7c84c0,6
50694c16-4d02-4fca-bc72-fac2e51b9b1d,2
50c9509d-22c7-4a22-a47d-8c48425ef4a7,33608
5180805a-a528-40ea-a03b-4911ef4e4ef6,1
5183e4bb-609f-4eb3-a4b2-768b6d461db0,3
54eaea55-f346-442e-9414-039c25658877,307
54facf62-bf0c-43e7-9972-4fdc407fa6c5,6
552f282a-92a6-4f41-95ef-c6537026fbeb,7
577a17c0-b6fa-41cb-b14b-86180bab41f9,1
57d80bbf-c66a-4a8d-9b86-0c167a7625c0,2
5c4dd41a-2545-4677-8dc1-508fba0e4e45,1
5d283bb6-64dd-4626-8b3b-a4e8db5415c3,31
5e43a220-a91d-485b-b608-58fd22693be7,1
5e6a7edf-a006-4111-9ae6-9728ea593417,66
5fd99e6a-40f7-4c44-94b6-1c85fcca527b,1
5fdcdc28-2a80-4236-a257-866b42ed250c,20
617507c6-8762-4af7-ba9e-6ec3b6b9bb3d,1
61843ae6-3cb0-44e4-bc5e-94d0c3493fdf,6
61869cac-fb09-4ddf-89a7-f916b86b28ab,6
6237224b-316f-493c-9819-c3e0271c17be,7
624ffcb0-3723-4b6f-9039-eea2e1ef82e2,13
62e99340-528c-4baf-bbd7-bf0df2f186b9,1
63938753-1fec-4c08-ae39-e9f8a6576521,17
6424b95e-eee2-41fc-9450-bac5d6767525,7
647490ab-72e9-4dd6-ac83-8f771494df36,22
64a9021f-a45d-4823-8ad8-f9bacc984f29,20
654778c7-4c37-4655-b638-e9043cf1305f,25
658d815a-5e72-4575-85eb-595ab71b053b,1
6642123d-8962-4799-86f3-58816b4f3a5a,32
673e5c7e-2437-4ffe-b575-29e11da4f880,1
67d3bce7-cf89-49d4-bacb-4e5c32bd8eca,21
67fabcac-a638-40a6-9bea-aeca8aced9f1,18
6897024e-0800-43d6-abc7-a14223c2ce3f,1
68ad7ec2-0f89-4d32-9ad2-650c88899eb8,1
6954c356-7c79-4569-ae4e-b9dd09fc5cf1,16
6ac3f774-d9fb-4796-b3e9-92bf6c81c084,145
6ae46c3b-5bc7-43cf-af5e-365317885fb9,1
6c8d87be-829d-4364-b2bc-578258761cc2,184
6d74e2f5-0735-47d7-a377-1ae2fd1d00fa,2
6dc35c87-ff97-4708-9e45-6f764ddc1ef3,309
71087f2d-1854-4ca8-9d03-97f906d39929,4
7247dc2e-b862-4555-b533-7701d183271b,7
72e4c986-88c9-4ce2-a805-c4fcfda92675,1
72ea9678-7174-44c4-9535-de9cb733a15d,14
73319645-c321-48ed-b923-b3782a203589,11
73e42bbf-6523-4699-a875-aa7b85725408,2
74ed1370-cd8d-4d1f-9468-70c0b1e5d7e9,1
750b7bfc-3577-4b26-8aaf-3e4be9f0d639,1
76525e81-9210-401d-a90d-5509f771c0e7,12
7701aa4d-37e8-43f4-a8a7-6768ef027d34,4
77861afa-fed2-4bae-bb83-91e6deaf5349,171
77ecd330-b09e-11e2-a01d-00145eb45e9a,32
793c3890-6c8a-11de-8226-b8a03c50a862,25
79f15804-4621-4cf1-b389-8bdcc2a3fe3b,68
7a518c06-f762-11e1-a439-00145eb45e9a,2
7a56699d-cb2a-4718-8bf7-b1d4860dc101,1
7ab6653a-c4f4-4611-9aff-2964d56a3a4d,2
7ad079e7-f905-444f-a228-01746e3b7c6b,1
7c151d3c-e23c-4d50-a601-c7b199008357,2
7c89d25c-a018-4402-95bb-8ef38a864942,10
7d0775ec-119a-43ca-8121-cdb142869169,5
7d95137d-4dbe-41ff-9569-a890c84abd6b,7
7ebef267-9d72-4c21-a276-cc84281a8590,121
7f6dd0f7-9ed4-49c0-bb71-b2a9c7fed9f1,6
8044ee43-c5fe-44da-ad96-cc1a9cfb91ba,20
80633a90-f762-11e1-a439-00145eb45e9a,7
82ad4e4e-f762-11e1-a439-00145eb45e9a,563
83cbdde7-998f-4354-95de-72d885cc5863,23
84a649ce-ff81-420d-9c41-aa1de59e3766,7
84ede380-f762-11e1-a439-00145eb45e9a,2
84f58d09-add5-469b-af6e-f3522a8dac7d,3
85378a64-2fbc-4a48-a6b4-9f421ad48f8a,3
857bce66-f762-11e1-a439-00145eb45e9a,5
8585dbd0-fccb-4d86-aee3-8ff2869fb5a2,1
85c5d5a9-e0d6-46a9-a726-15b590a83e62,14
864ad655-9365-46c5-81ab-793035ce3ec2,3
869b574f-23eb-4575-a771-6ffd480dcdab,8
871bbe1d-c45f-45cc-b5cd-b79f4eb37485,296
87b6acb8-4db2-4769-93ca-e086040dfe14,2
888c70c2-568f-415c-ba8f-84cd45cf79de,1
88967ea9-19ea-4f4d-b137-879ee00ebda8,2
88cc32da-a6c3-4a54-9a8d-ffbc3f749706,106
8a6232d7-f93e-45a3-8b16-556aa732cd39,1
8a863029-f435-446a-821e-275f4f641165,2669
8b6bda87-2993-4fd5-bcb7-bcde22403134,1
8b8c78fb-53d7-434c-b800-61f38b30d0c9,1
8c78c8b9-1d13-404a-a39a-784ef1927540,2
8c89fedf-9b31-4b7e-9779-93fe17a56ad6,1
8d3ea906-8a29-4b23-a327-bcee76f46eac,1
8e02e1dd-ec54-405e-b4d7-7abdecd29cc7,6
926f3dd4-89d9-4cbd-8ed7-32fb6fcfa861,4
956a2b04-efc2-479c-949f-4a3e089e879a,3
956bc674-6022-4c52-833e-c5fb39dc837a,3
95db4db8-f762-11e1-a439-00145eb45e9a,8
95e635d4-f762-11e1-a439-00145eb45e9a,1
95f74c02-f762-11e1-a439-00145eb45e9a,4
95fd949a-f762-11e1-a439-00145eb45e9a,5
963a6b96-4d22-4428-86e4-afee52cf4a8e,321
96404cc2-f762-11e1-a439-00145eb45e9a,51
97ce9818-7028-42a0-9743-ccb5897dec1f,1
999d8fed-d06d-48d8-87ee-cc36e6c8456c,1
99ce61d0-c702-4b40-8eb5-0b202a056b01,1
99f9976a-dfdd-4359-bf4a-5538f29458cf,8
9ad6e7d2-e94d-4878-b71d-a5c5f7611f33,2
9af1667d-dc99-4eb2-96da-e9bd7545e1c0,99
9b12d595-11ea-4128-88ea-ed378eb9ea9a,1
9be3b97c-bc8c-490c-8021-dc7c75408076,38
9beef4fb-e3dd-475a-be95-45d2105b32bd,5
9c287196-f676-4b32-885b-83daa3abc7de,15
9cc67633-537a-4acc-8d37-92feeaddb2cd,3
9e02f8f5-ae2f-49b9-b896-ffb0260a284c,25
9ec7b624-8f5c-4898-a90d-194913d7e0ab,20
9f11d995-dba1-436b-a96a-89d8617c9c15,2
a0344d4c-1618-4765-9964-595269c8b334,3
a102e8d3-dab1-45bb-b344-64b667629154,1
a105f3c1-aea1-41db-9c85-67374df25325,1
a1f3b9e3-60d5-49fe-a6d1-2d22a154e2b2,2
a244eea4-a8e0-4b54-9da5-3e9757ef5ab7,41
a255c20a-10de-4bb7-8ba8-10ba413a9845,1
a307e4d7-1de2-4adc-95d5-a0a8d5f57236,2
a47100e5-9384-4a89-b24f-74bf2ae58368,442
a4b86c5c-0b93-4fe5-96e8-d1af3166d45f,174
a7910107-b902-401c-989a-3b4e70c9070d,3
a79c2b50-6c8a-11de-8226-b8a03c50a862,15
a7e947a1-15d4-43ab-a244-b4e7511e5423,15
a8e40b59-5d28-4e37-b371-1a42c2a6e3ce,35
a9c699d8-2dfc-43a9-b6ab-c4e02ab3344c,2
aa6c5ee6-d4d7-4a65-a04f-379cffbf4842,45
ae24fb7b-af3c-478c-a1ed-2215a90793cc,1
ae517055-456d-432b-a317-9df20d080803,4
aea17af8-5578-4b04-b5d3-7adf0c5a1e60,24
b124e1e0-4755-430f-9eab-894f25a9b59c,66
b14cd984-dfc4-499d-b1bd-650ceef3608a,6
b1a360ab-cc4d-4555-8f68-083666f093e0,4
b2fb610d-a9e8-4b84-9a39-757bbf562d2b,117
b4449069-526d-42f2-9145-bd8a26289a95,1
b6092fe7-66b1-468d-94f0-361727d4c277,1
b6465deb-2071-445a-9ebd-d5722e1ed7e2,6
b683696d-f18e-4634-bf95-6fb91a45718b,3
b6fccb11-dc9a-4cf6-9994-b46fbac5759f,12
b7cd5ad0-f65a-4de1-a1bb-318cf5ae12f8,2
b83b02a2-c5c4-4f1a-9e5e-78f05812d64e,94
b84a3711-b4ca-4e4f-adac-80dfaea98d1c,5
b94fcfd1-f3a5-44bc-bc50-d3e5f80a733d,1
b9530b78-d245-4444-ad8f-1286f758d359,7
ba58cb3b-4d27-49fb-ab9a-9de29e734864,27
ba9984d8-d982-4fe6-b81c-a7585790034a,108
baf0dd21-64e7-46ea-95d0-e359c2f8e61b,4
bbcb9afd-8207-49f7-92b5-cd6b4767c5db,4
bdb3951b-1b8a-446d-8820-22ce0a2ea380,2
bdd27b16-b038-4824-88cc-101169431847,2
be77e203-486c-4651-91b9-8347968b728c,84
bfa8273b-5798-4331-8073-84d791fc08f6,2
c00cdc19-a059-40db-bb51-7e99dc607ca5,1
c1492854-5d15-40e9-9ee7-24a18ac05112,45
c2b6a9e7-e2a4-4172-b089-08e92fd1c9d4,8
c39bf89a-4578-4476-a505-6e4813dac3bc,1
c46d695c-bc44-439c-8645-cb04ef4cfe5d,3
c489e74d-3b4a-4b44-b5a2-a42fb02f36b9,1
c507b38c-4650-4db0-931d-43363f273578,1
c51b7d3b-feac-409b-81ce-b74d2b977f4e,1
c5af860a-0395-4e3f-8ef9-8681025b1dcb,34
c6b86c40-ff71-4e5e-902c-111f400d0d56,357
ca58433a-3ff8-492f-9d7b-6f6d289eb6d6,6
caa38f94-ddeb-43e7-9a27-1ac46d7ddc5c,4
cb2f5b68-6505-4b45-9ca7-2e7d0fb69d55,53
cb382c4d-7b6c-40c2-9e2d-e8167380cec5,9
cf3bdc30-370c-48d3-8fff-b587a39d72d6,3862
cf5bf349-8151-4437-9298-8dc285726fb7,1
cf8f886b-7289-4d59-9cb1-f2d293147d98,167
cfd8eff0-37c7-461e-81d7-51c450884439,1
d0a95d44-3622-4c40-bbaf-79a5968c697d,66
d0ae33bb-1c77-453c-9141-9dc1acff4c2c,2
d2278c93-6510-46a8-9792-d794765b4167,1
d3de41c3-3d5b-4fe6-aece-90c6509dc2b9,353
d4359efd-992b-414d-9b0a-3b83cb71b5c8,11
d59ea6f3-f758-4d84-8c90-be078629127e,724
d5ba9c82-ee3d-4987-84de-363abbda870b,1
d6097f75-f99e-4c2a-b8a5-b0fc213ecbd0,2
d8cd16ba-bb74-4420-821e-083f2bac17c2,80
d92e92e0-8d20-4756-a60b-3746f408c14c,387
dce8feb0-6c89-11de-8225-b8a03c50a862,17
ddd46c4c-1c7a-49d6-8420-0c8b34a94a53,4
df12ca07-f133-4550-ab3b-fde13f0e76ba,40
e0b8cb67-6667-423d-ab71-08021b6485f3,316
e0e68b58-b3e5-4acf-a830-45d6e104f150,2
e1016685-f922-457e-99ef-778e5c68d4a5,1
e1b5fd93-dbbd-4989-91e0-ba906332aeb6,2
e1c67ddd-1027-4ed0-9835-bd7480c24aee,1
e29b2326-5c7a-4455-bbc3-0e21b52be1bd,1
e3ce628e-9683-4af7-b7a9-47eef785d3bb,28
e4473544-f4cd-4429-b791-39d6e1fdb0a4,26
e66992e4-10ea-4413-b9f5-a10fc40d5bd6,10
e6ae851b-6625-404b-9cef-07f361508794,4
e7cd5566-ce5b-49a6-b514-53abb18c6cc5,8
ea372629-c38a-46df-981c-b821b7849a48,1
ea410929-015a-4093-9c7e-7be2482668c9,3
ea554500-5cbf-4f2e-8176-01fd397d79bf,1
eabda349-af5e-4c55-a4c6-fdf844cc9260,312
eacd5f7d-60aa-49e9-a7cd-36d1c46b22ac,160
ee539576-1fc3-4c85-8b3d-9200ef69826e,1
ee894f1d-22fb-42fc-a681-27e449880366,2
ee9eb6e3-f770-4af9-962a-625a7235a449,6
eeaf050f-23d0-4557-9084-ec545cd3d9a7,1
eeb5c147-8c1d-491f-b1a8-e94491b571e4,22
ef9817b8-0eba-42b4-92fe-4f206187aabd,5
f087bf34-b2aa-4708-9888-da91aff6b0b3,127
f1065731-92e2-43fe-b402-ed7736b95c79,1
f2e0d85b-8f0e-4045-b97e-66e5a837696c,17
f3053f73-094c-4db7-9273-58978ecf5d77,5
f323a8b9-6b7a-48d4-8cd5-e1a93943cc7c,1
f33f946c-9960-4015-8d11-90d715ea9b73,1
f519367d-6b9d-411c-b319-99424741e7de,4
f5ba44bc-c494-4844-b2ac-6fb21d034286,1
f6e737bf-349b-4731-81d1-330d8fe025e7,2
f7d39b6d-78a7-4bd4-abec-302275ebe96a,3
f946666e-67dc-4848-9fa8-2162f3559e33,7
f9a70dab-004b-45ad-90cb-24d8ff645b44,7
fa172337-ee05-48a9-b23b-13678f52308a,10
fb409b21-d5a6-4224-9d27-c0c3f7492df3,2
fb9863f4-68cf-4e90-bc4d-2b15bdebf889,22
fd1812f5-75bb-49b8-a6ce-0a05e299dfac,2
fd43e69f-857c-48ff-a488-30049c0ce46d,5
ff0fde47-ae1c-4501-9126-4c9658c14a58,4
ff6580f3-8fba-4f4f-9c09-64dbb002d89f,292
ffe38a37-d659-4b1a-a935-5a5264e3cc0a,351
