species,wgsrpd3_code,host_id,host_name,butterfly_first_record_year
Anartia jatrophae,MAS,124103,Melissa officinalis,2025
Anartia jatrophae,NWY,124103,Melissa officinalis,2025
Anartia jatrophae,NWY,125243,Mentha pulegium,2025
Anartia jatrophae,OHI,124103,Melissa officinalis,2024
Historis acheronta,BZS,2362842,Mangifera indica,2020
Nacaduba biocellata,JAW,2452405,Vachellia farnesiana,2019
Nacaduba biocellata,THA,2452405,Vachellia farnesiana,2022
Siproeta stelenes,AGW,2569743,Plantago major,2024
Siproeta stelenes,AGW,183912,Salvia splendens,2024
Siproeta stelenes,NWM,2569743,Plantago major,2020
Siproeta stelenes,VRG,2569743,Plantago major,2025
