species,region,plant_id,plant_name,plant_family,butterfly_first_test_year
Anartia jatrophae,NWY,124103,Melissa officinalis,Lamiaceae,2025
Anartia jatrophae,NWY,125243,Mentha pulegium,Lamiaceae,2025
Dryas iulia,MLY,107934,Lantana camara,Verbenaceae,2019
Dryas iulia,MLY,2559735,Passiflora edulis,Passifloraceae,2019
Dryas iulia,MLY,2560174,Passiflora quadrangularis,Passifloraceae,2019
Dryas iulia,MLY,2560211,Passiflora suberosa,Passifloraceae,2019
Dryas iulia,THA,2559735,Passiflora edulis,Passifloraceae,2022
Historis acheronta,BZS,2362842,Mangifera indica,Anacardiaceae,2020
Historis acheronta,JAM,2362842,Mangifera indica,Anacardiaceae,2020
Nacaduba biocellata,JAW,2452405,Vachellia farnesiana,Fabaceae,2019
Nacaduba biocellata,THA,2452405,Vachellia farnesiana,Fabaceae,2022
Pyrgus communis,MIN,2503504,Malva neglecta,Malvaceae,2024
Pyrgus communis,MIN,2504118,Malva sylvestris,Malvaceae,2024
Pyrgus communis,MIN,2611008,Abutilon theophrasti,Malvaceae,2024
Pyrgus communis,MIN,2627710,Alcea rosea,Malvaceae,2024
Pyrgus communis,MIN,2631597,Althaea officinalis,Malvaceae,2024
Pyrgus communis,MIN,2850654,Hibiscus trionum,Malvaceae,2024
Pyrgus communis,TEN,2503504,Malva neglecta,Malvaceae,2021
Pyrgus communis,TEN,2504118,Malva sylvestris,Malvaceae,2021
Pyrgus communis,TEN,2505715,Modiola caroliniana,Malvaceae,2021
Pyrgus communis,TEN,2601837,Sida rhombifolia,Malvaceae,2021
Pyrgus communis,TEN,2611008,Abutilon theophrasti,Malvaceae,2021
Pyrgus communis,TEN,2627710,Alcea rosea,Malvaceae,2021
Pyrgus communis,TEN,2850654,Hibiscus trionum,Malvaceae,2021
