species,wgsrpd3_code,treatment,snapshot_first_year,group
Anartia jatrophae,NWY,1,2025,introduced_only
Anthanassa frisia,ECU,0,2021,no_known_resource
Colobura dirce,PUE,0,2018,no_known_resource
Colobura dirce,SUR,0,2024,no_known_resource
Dryas iulia,MLY,1,2019,introduced_only
Dryas iulia,THA,1,2022,introduced_only
Erynnis juvenalis,MAN,0,2023,no_known_resource
Erynnis tristis,MXE,0,2019,no_known_resource
Erynnis tristis,MXT,0,2022,no_known_resource
Erynnis tristis,PAN,0,2025,no_known_resource
Hamadryas februa,FLA,0,2020,no_known_resource
Historis acheronta,BZC,0,2019,no_known_resource
Historis acheronta,BZE,0,2021,no_known_resource
Historis acheronta,BZS,1,2020,introduced_only
Historis acheronta,JAM,1,2020,introduced_only
Historis acheronta,OKL,0,2025,no_known_resource
Nacaduba biocellata,JAW,1,2019,introduced_only
Nacaduba biocellata,THA,1,2022,introduced_only
Pyrgus communis,MIN,1,2024,introduced_only
Pyrgus communis,TEN,1,2021,introduced_only
