species,region,treatment,input_first_test_year
Anthanassa frisia,ECU,0,2021
Colobura dirce,PUE,0,2018
Colobura dirce,SUR,0,2024
Erynnis juvenalis,MAN,0,2023
Erynnis tristis,MXE,0,2019
Erynnis tristis,MXT,0,2022
Erynnis tristis,PAN,0,2025
Hamadryas februa,FLA,0,2020
Historis acheronta,BZC,0,2019
Historis acheronta,BZE,0,2021
Historis acheronta,OKL,0,2025
Anartia jatrophae,NWY,1,2025
Dryas iulia,MLY,1,2019
Dryas iulia,THA,1,2022
Historis acheronta,BZS,1,2020
Historis acheronta,JAM,1,2020
Nacaduba biocellata,JAW,1,2019
Nacaduba biocellata,THA,1,2022
Pyrgus communis,MIN,1,2024
Pyrgus communis,TEN,1,2021
