species,wgsrpd3_code,wgsrpd3_name,climate_mismatch,climate_compatibility_rank,other_pilot_record_effort,eval_observed_units_for_calibration
Melanitis leda,BZL,Brazil Southeast,0.6012357127458244,1.0,1351,13
Biblis hyperia,FLA,Florida,0.32067132560138184,1.0,1024,13
Melanitis leda,BZC,Brazil West-Central,0.47343254869704104,1.0,561,13
Neptis sappho,ILL,Illinois,0.5547373114418288,1.0,459,11
Neptis sappho,OHI,Ohio,0.5488727139684152,1.0,329,11
Melanitis leda,MXG,Mexico Gulf,0.4393233023680801,1.0,306,13
Papilio polytes,ECU,Ecuador,0.35457886383543374,1.0,244,12
Melanitis leda,HON,Honduras,0.58608078273848,1.0,156,13
Melanitis leda,BOL,Bolivia,0.5241395451565398,1.0,103,13
Papilio polytes,VEN,Venezuela,0.25032057430437615,1.0,88,12
Papilio polytes,BLZ,Belize,0.4379753173230919,1.0,85,12
Melanitis leda,PAR,Paraguay,0.6175507340888198,1.0,84,13
Neptis sappho,INI,Indiana,0.5394643336507601,1.0,72,11
Papilio polytes,SUR,Surinam,0.40609463456819145,1.0,69,12
Papilio polytes,TRT,Trinidad-Tobago,0.4389136827433564,1.0,64,12
Papilio polytes,FRG,French Guiana,0.34192693050353373,1.0,62,12
Papilio polytes,WIN,Windward Is.,0.4931134564439354,1.0,39,12
Melanitis leda,ELS,El Salvador,0.6535130797101064,1.0,34,13
Papilio polytes,GUY,Guyana,0.21393182841751293,1.0,13,12
Melanitis leda,MXT,Mexico Southeast,0.7455597444600537,0.9230769230769231,789,13
Pyrgus communis,VIC,Victoria,0.6969144032083138,0.9230769230769231,356,26
Pyrgus communis,NSW,New South Wales,0.7041015452723435,0.9230769230769231,313,26
Papilio memnon,BOL,Bolivia,0.7699481933380002,0.9230769230769231,103,13
Papilio polytes,PUE,Puerto Rico,0.556421063512208,0.9166666666666666,148,12
Papilio polytes,NIC,Nicaragua,0.5475384162459618,0.9166666666666666,92,12
Neptis sappho,MSO,Missouri,0.5780123198645997,0.9090909090909091,93,11
Delias hyparete,BZC,Brazil West-Central,0.933879271811189,0.9,561,10
Pyrgus communis,SOA,South Australia,0.7549728340750859,0.8846153846153846,296,26
Euploea core,BZL,Brazil Southeast,0.8114151332355738,0.8333333333333334,1351,12
Pieris brassicae,VIC,Victoria,0.8928691470029361,0.8333333333333334,356,12
Pieris brassicae,WAS,Washington,0.8746879737954096,0.8333333333333334,276,12
Euploea core,BOL,Bolivia,0.7484654474488269,0.8333333333333334,103,12
Papilio polytes,JAM,Jamaica,0.5921376586167546,0.8333333333333334,70,12
Neptis sappho,ORE,Oregon,0.6666570071919019,0.8181818181818182,214,11
Neptis sappho,NWJ,New Jersey,0.6729003799143111,0.8181818181818182,78,11
Neptis sappho,KAN,Kansas,0.6586178164814689,0.8181818181818182,49,11
Delias hyparete,BZL,Brazil Southeast,1.2525655861644465,0.8,1351,10
Delias hyparete,MXS,Mexico Southwest,2.0680611843028407,0.8,1192,10
Delias hyparete,FLA,Florida,1.9052839011765201,0.8,1024,10
Delias hyparete,BZE,Brazil Northeast,2.2983894581454303,0.8,570,10
Delias hyparete,MXC,Mexico Central,2.280290637253464,0.8,125,10
Delias hyparete,PAR,Paraguay,2.0611757755807925,0.8,84,10
Delias hyparete,ELS,El Salvador,1.5061718091124268,0.8,34,10
Delias hyparete,NAT,KwaZulu-Natal,2.291873081517264,0.8,27,10
